email,password,ip
awright@bond.com,bheybi24,192.175.27.125
henry16@bond.net,09192163449,122.135.248.175
pottsmackenzie@bond.com,bless414,198.48.110.128
bobbypowell@bond.com,67318286,192.52.200.82
ecannon@bond.info,minger56,169.155.176.125
fmartinez@bond.net,09194885339,169.234.219.87
deleonmichael@bond.com,17papi,192.31.247.195
gwilson@bond.com,JSS777,196.149.190.140
angelabuck@bond.net,5591165,192.40.98.146
lawrencescott@bond.biz,0124983364,192.175.43.211
smithcarla@bond.info,neff3003,192.119.161.239
jamiewright@bond.com,hottamalie,192.175.110.154
scott07@bond.net,kas2005kas2005,101.200.71.74
cpalmer@bond.com,m131230,100.159.49.208
jacquelinejohnson@bond.org,JSS777,203.0.112.75
david12@bond.info,hippo2002,198.35.48.5
ericesparza@bond.biz,&8e(Aw(sXr,2.18.235.163
fbridges@bond.com,rafaamy,192.52.192.174
ayersbrittany@bond.com,mabel21,210.174.112.59
michael64@bond.com,_Q)OQ0Ehh@,192.167.177.109
derekrandolph@bond.org,spreads!,169.123.69.116
aprilmoran@bond.com,_9ZqNsiepi,192.175.50.215
rosariojennifer@bond.org,*&k&ho5qbT,194.56.7.147
julie80@bond.com,iloveloco,192.31.195.116
allenmark@bond.com,0107510980,198.51.56.35
anna19@bond.biz,leevi2002,198.61.69.251
hunterphillip@bond.org,r0binj13,198.51.102.187
travisholmes@bond.biz,(Yj_oiNex6,192.45.227.240
john42@bond.com,0846796022,198.49.178.227
jeffrey68@bond.com,kate407,202.193.124.91
joseph41@bond.com,silverstream,180.41.244.231
cblack@bond.com,121685,192.98.125.218
smithdanielle@bond.org,admision2485,185.172.232.98
melissa24@bond.com,mangapink,192.0.3.228
tfarmer@bond.info,DEJAH,40.102.129.253
tmoore@bond.com,delux156,99.226.241.243
johnsonamy@bond.com,bg34ja,200.254.221.215
bcampbell@bond.com,ash19389,192.31.14.222
bonillatamara@bond.com,50222773071,198.51.103.210
justin48@bond.biz,40whiskey66,198.45.194.79
jrodgers@bond.net,F&%7LvfWqW,192.139.138.14
beckerjohn@bond.com,&0UWtm3L6_,198.137.71.253
stephenscrystal@bond.info,88amer,192.181.51.230
fmarshall@bond.com,penguins007,203.0.8.201
dennisroberts@bond.biz,psiaque,198.20.243.10
cohenedward@bond.info,cecilia1395,192.78.231.133
colemanmckenzie@bond.com,0868971515,192.22.95.8
hfowler@bond.info,nayraimut,198.51.96.109
gkim@bond.org,%Jqa9O6m%Q,192.27.243.134
michaelbuckley@bond.biz,16crazy,192.116.45.182
littlemichelle@bond.com,morrisons123,192.31.201.103
tamara73@bond.net,ryanhannah,192.175.32.70
nancyreyes@bond.com,seanere1994,192.0.1.108
janeward@bond.com,175928,192.89.203.201
brooke71@bond.info,nhhumb,192.31.197.101
